worker_id,task_index,predicted_ms,actual_ms,ratio,correction
5,1,250.0,556.0,2.224,1.3672
6,1,250.0,603.0,2.412,1.4236
10,1,250.0,603.0,2.412,1.4236
12,1,250.0,603.0,2.412,1.4236
8,1,250.0,603.0,2.412,1.4236
9,1,250.0,603.0,2.412,1.4236
11,1,301.578,733.0,2.4305486474477584,1.4292
1,1,382.143,733.0,1.9181301240635051,1.2754
4,1,470.256,771.0,1.6395325099520262,1.1919
6,2,1404.888,1433.0,1.0200101360393141,1.3025
10,2,1404.888,1472.0,1.047770356071089,1.3109
5,2,1462.843,1521.0,1.0397561460799278,1.269
12,2,1404.889,1500.0,1.0677000104634602,1.3168
8,2,1404.888,1576.0,1.121797609489155,1.3331
9,2,1404.888,1576.0,1.121797609489155,1.3331
11,2,1399.418,1449.0,1.035430443227113,1.311
1,2,1568.087,1599.0,1.0197138296535844,1.1987
4,2,1678.05,1694.0,1.0095050803015404,1.1372
6,3,1535.481,1574.0,1.0250859502657474,1.2193
10,3,1525.725,1577.0,1.0336069737337987,1.2277
12,3,1518.799,1594.0,1.0495134642569557,1.2366
8,3,1500.307,1557.0,1.0377875994713082,1.2445
9,3,1500.308,1557.0,1.037786907754941,1.2445
5,3,1576.085,1661.0,1.0538771703302803,1.2044
11,3,1525.501,1660.0,1.0881671005132085,1.2442
1,3,1668.444,1687.0,1.011121739776702,1.1424
4,3,1758.778,1781.0,1.012634909010688,1.0998
3,1,250.0,5047.0,20.188,3.7
2,1,250.0,5221.0,20.884,3.7
7,1,250.0,5486.0,21.944,3.7
11,4,1607.482,1644.0,1.0227175172101461,1.1777
6,4,1640.296,1876.0,1.1436960158410432,1.1966
10,4,1629.091,1834.0,1.1257811871773893,1.1971
12,4,1617.291,1790.0,1.106789068881234,1.1977
8,4,1607.099,1751.0,1.0895408434701286,1.198
9,4,1607.1,1751.0,1.089540165515525,1.198
5,4,1660.522,1895.0,1.1412074034550581,1.1855
1,4,1750.636,1838.0,1.0499041491206624,1.1147
4,4,1818.516,1847.0,1.015663321081585,1.0746
11,5,1698.164,1866.0,1.0988337993268025,1.1541
6,5,1671.383,1889.0,1.130201755073493,1.1767
10,5,1670.691,1920.0,1.1492250811191298,1.1827
12,5,1669.893,1949.0,1.1671406491314114,1.1885
8,5,1669.453,1990.0,1.1920072023590962,1.1962
9,5,1669.454,1990.0,1.1920064883488855,1.1962
5,5,1687.094,1912.0,1.1333097029566817,1.1698
1,5,1794.236,1813.0,1.01045793307012,1.0834
4,5,1861.231,1889.0,1.0149196956208015,1.0567
11,6,1732.997,1756.0,1.0132735371151824,1.1118
6,6,1699.683,1733.0,1.0196018904701643,1.1296
10,6,1690.983,1753.0,1.036675117372558,1.1389
12,6,1682.766,1724.0,1.0245037040206422,1.1393
8,6,1671.961,1750.0,1.0466751317763991,1.1513
9,6,1671.961,1750.0,1.0466751317763991,1.1513
5,6,1709.662,1760.0,1.0294432466768284,1.1277
1,6,1846.017,1865.0,1.0102832205770587,1.0615
4,6,1892.746,1911.0,1.0096441889191683,1.0426
11,7,1798.834,1821.0,1.0123224266385893,1.082
6,7,1770.596,1846.0,1.0425867899848413,1.1035
10,7,1756.044,1794.0,1.0216144925753567,1.1037
12,7,1755.441,1857.0,1.057853838437179,1.1149
8,7,1737.102,1790.0,1.0304518675357002,1.1151
9,7,1737.103,1865.0,1.0736266070578429,1.128
5,7,1773.508,1826.0,1.029597836604064,1.0983
1,7,1884.171,1906.0,1.0115854664995905,1.0465
4,7,1918.354,1936.0,1.0091985108066603,1.0326
6,8,1812.463,1848.0,1.0196070209433241,1.0783
11,8,1848.466,1876.0,1.0148955945091769,1.0619
10,8,1812.036,1902.0,1.0496480202380085,1.0875
12,8,1793.921,1839.0,1.0251287542762473,1.088
8,8,1793.601,1931.0,1.0766051089400597,1.1035
9,8,1773.006,1856.0,1.0468097682692556,1.1037
5,8,1821.037,1890.0,1.0378701805619546,1.0802
1,8,1911.118,1933.0,1.0114498424482423,1.036
4,8,1936.95,1953.0,1.0082862231859366,1.0253
6,9,1854.751,1908.0,1.0287095141072844,1.0634
10,9,1839.07,1915.0,1.0412871723207926,1.0736
11,9,1883.499,1969.0,1.0453947679292634,1.0569
12,9,1838.316,1950.0,1.060753428681467,1.0798
8,9,1812.359,1858.0,1.0251832004586288,1.08
9,9,1812.149,1952.0,1.0771741175808391,1.0957
5,9,1851.588,1918.0,1.0358675904142822,1.0669
1,9,1930.519,1960.0,1.0152710229736148,1.0298
4,9,1950.702,1969.0,1.0093802128669576,1.0205
3,2,540.541,10922.0,20.205682825169596,5.59
2,2,540.541,11076.0,20.4905825830048,5.59
7,2,540.541,10992.0,20.33518271509469,5.59
6,10,1880.705,1940.0,1.0315280705905499,1.0539
10,10,1862.821,1920.0,1.030694844002725,1.0608
12,10,1852.207,1916.0,1.034441614787116,1.0662
11,10,1892.298,1951.0,1.0310215410046408,1.0491
8,10,1851.802,1956.0,1.0562684347462634,1.0729
9,10,1825.291,1862.0,1.0201113137576419,1.073
5,10,1874.646,1928.0,1.0284608400732724,1.0553
1,10,1942.172,1977.0,1.0179325003140813,1.0262
4,10,1959.815,1984.0,1.0123404505017055,1.0181
6,11,1897.785,1939.0,1.0217174232065276,1.0442
10,11,1885.446,1941.0,1.029464646561079,1.0514
12,11,1875.843,1942.0,1.035267876895881,1.0569
8,11,1864.105,1943.0,1.0423232596876248,1.0637
11,11,1906.309,1982.0,1.0397055251798109,1.0463
9,11,1863.873,1979.0,1.0617676204333664,1.0697
5,11,1895.113,1949.0,1.028434716030126,1.0473
1,11,1948.896,1976.0,1.0139073608853424,1.0225
4,11,1964.529,1995.0,1.0155105880340785,1.0173
6,12,1915.311,1959.0,1.0228103947609553,1.0378
10,12,1902.281,1953.0,1.0266622018513565,1.044
12,12,1892.306,1955.0,1.0331310052391103,1.0498
8,12,1880.18,1958.0,1.0413896541820464,1.057
9,12,1869.762,1960.0,1.0482617573787467,1.0632
11,12,1911.47,1997.0,1.044745666947428,1.0458
5,12,1909.723,1963.0,1.0278977631834565,1.0415
1,12,1955.937,1988.0,1.0163926547736457,1.0207
4,12,1966.003,1989.0,1.011697337186159,1.0156
6,13,1927.162,1965.0,1.0196340525601895,1.0323
10,13,1915.787,1966.0,1.026210116260315,1.0386
12,13,1905.166,1966.0,1.0319310758222644,1.0444
8,13,1892.101,1969.0,1.0406421221700108,1.0521
9,13,1881.049,1931.0,1.0265548638020594,1.0522
11,13,1912.33,2005.0,1.0484592094460685,1.0466
5,13,1920.381,1979.0,1.030524671927081,1.0382
3,3,357.782,7226.0,20.196656064307316,6.913
1,13,1959.464,1980.0,1.010480417093654,1.0176
2,3,357.782,7337.0,20.506900850238413,6.913
7,3,357.782,7303.0,20.411870915809068,6.913
4,13,1969.253,2061.0,1.0465897474829289,1.0249
6,14,1937.333,1977.0,1.0204750551402366,1.0288
10,14,1925.608,1977.0,1.0266887133829938,1.035
12,14,1914.932,1978.0,1.032934850950321,1.041
8,14,1900.94,1976.0,1.0394857281134595,1.0483
9,14,1900.721,1976.0,1.0396054970719006,1.0484
11,14,1910.897,1982.0,1.0372092268709407,1.0438
5,14,1926.449,1983.0,1.0293550465130403,1.0355
1,14,1965.359,1986.0,1.0105024069393937,1.0155
4,14,1951.397,2051.0,1.0510418946016624,1.0327
6,15,1944.04,1984.0,1.02055513261044,1.0263
10,15,1932.274,2000.0,1.0350498945801683,1.035
12,15,1921.272,2007.0,1.0446204389591895,1.0421
8,15,1907.808,1962.0,1.0284053741256982,1.0423
9,15,1907.588,2089.0,1.095100199833507,1.0624
11,15,1916.07,2012.0,1.050066020552485,1.0457
5,15,1931.374,2026.0,1.0489941357810553,1.0396
1,15,1969.495,1996.0,1.0134577645538578,1.0149
4,15,1936.582,1968.0,1.0162234287006695,1.0278
6,16,1948.717,2002.0,1.0273426054167947,1.0266
10,16,1932.274,1986.0,1.027804545318107,1.0329
12,16,1919.257,1983.0,1.0332123316470905,1.0394
8,16,1918.745,2045.0,1.0658008229337406,1.0494
9,16,1882.458,1958.0,1.040129447775196,1.0557
11,16,1912.627,2015.0,1.0535248116857077,1.048
5,16,1923.871,2080.0,1.0811535700678476,1.052
3,4,289.31,5843.0,20.19632919705506,7.8391
1,16,1970.678,1996.0,1.0128493848310074,1.0143
2,4,289.31,5935.0,20.51432719228509,7.8391
7,4,289.31,5917.0,20.452110193218346,7.8391
4,16,1945.922,1969.0,1.0118596737176515,1.023
6,17,1948.132,1988.0,1.0204647323692644,1.0248
10,17,1936.34,1987.0,1.0261627606721961,1.0309
12,17,1924.163,1982.0,1.030058264294657,1.0366
8,17,1905.88,1965.0,1.0310197913824584,1.0439
9,17,1894.392,1965.0,1.0372721168586017,1.0502
11,17,1908.333,1947.0,1.02026218694536,1.0397
5,17,1901.058,1959.0,1.0304788175847344,1.0456
1,17,1971.861,1992.0,1.0102131945405888,1.0131
4,17,1955.013,1978.0,1.0117579780799413,1.0196
6,18,1951.645,1989.0,1.0191402637262412,1.0231
10,18,1940.124,1998.0,1.0298310829617077,1.0306
12,18,1929.373,2006.0,1.0397160113674235,1.0375
8,18,1915.938,1961.0,1.0235195502150904,1.0378
9,18,1904.39,2016.0,1.0586066929567997,1.0527
11,18,1923.626,1974.0,1.0261870030868787,1.0356
5,18,1912.822,1975.0,1.0325058996602925,1.0417
1,18,1974.23,1997.0,1.011533610572223,1.0126
4,18,1961.485,1991.0,1.0150472728570445,1.0183
3,5,255.131,5155.0,20.205306293629548,8.4874
6,19,1954.871,2001.0,1.023596953456264,1.0232
10,19,1940.706,1996.0,1.028491693229165,1.0299
12,19,1927.638,2000.0,1.0375392060127473,1.0375
8,19,1927.213,2050.0,1.0637122103265182,1.0456
9,19,1899.83,1955.0,1.0290394403709806,1.0456
11,19,1931.158,2043.0,1.0579144741134594,1.0423
2,5,255.131,5233.0,20.511031587694166,8.4874
5,19,1920.022,2022.0,1.0531129330809752,1.0451
7,5,255.131,5253.0,20.589422688736374,8.4874
1,19,1975.118,2004.0,1.0146229237949327,1.0132
4,19,1964.137,1989.0,1.012658485635167,1.0166
6,20,1954.578,1998.0,1.0222155370622201,1.0229
10,20,1941.871,1995.0,1.0273596958809312,1.0292
12,20,1927.638,1983.0,1.028720122761639,1.0349
8,20,1912.866,1980.0,1.03509602868157,1.0424
9,20,1912.741,2020.0,1.0560760709369434,1.0488
11,20,1918.782,1974.0,1.0287776308095449,1.0383
5,20,1913.707,2120.0,1.107797588659079,1.0639
1,20,1973.934,1996.0,1.011178691891421,1.0126
4,20,1967.383,1985.0,1.0089545350346119,1.0143
6,21,1955.164,1995.0,1.0203747614010896,1.0222
10,21,1943.328,1994.0,1.0260748571522667,1.0282
12,21,1932.566,1995.0,1.0323062705232318,1.0341
8,21,1918.622,1994.0,1.0392875720178336,1.0415
9,21,1907.02,1954.0,1.024635294857946,1.0415
11,21,1926.294,1991.0,1.0335909264110255,1.0369
5,21,1879.869,1938.0,1.0309228994147996,1.054
3,6,235.644,4768.0,20.233912172599343,8.9412
1,21,1975.118,1996.0,1.0105725328815798,1.012
2,6,235.644,4862.0,20.63281899814975,8.9412
4,21,1971.819,2068.0,1.0487778036422208,1.0246
7,6,235.644,4872.0,20.675255894484902,8.9412
6,22,1956.632,1995.0,1.0196092060234117,1.0214
10,22,1945.079,1996.0,1.0261793993971453,1.0276
12,22,1934.016,1995.0,1.0315323141070187,1.0333
8,22,1920.35,1995.0,1.0388731220871197,1.0407
9,22,1920.27,2035.0,1.059746806438678,1.047
11,22,1928.898,1956.0,1.0140505096692516,1.03
5,22,1897.516,1956.0,1.030821347487979,1.0471
1,22,1976.304,1998.0,1.0109780681514584,1.0117
4,22,1951.91,1970.0,1.0092678453412298,1.02
6,23,1958.1,1996.0,1.0193554976763188,1.0208
10,23,1946.246,1996.0,1.0255640859377488,1.027
12,23,1935.468,1997.0,1.0317917940260444,1.0329
8,23,1921.792,1996.0,1.0386139603037166,1.0401
9,23,1910.241,1956.0,1.023954569083168,1.0401
11,23,1941.713,2035.0,1.0480436604173737,1.0354
5,23,1910.123,1969.0,1.0308236694705,1.0422
1,23,1976.897,1998.0,1.0106748100685063,1.0114
3,7,223.685,4524.0,20.224869794577195,9.2588
4,23,1960.733,1979.0,1.0093164138105495,1.0168
2,7,223.685,4592.0,20.528868721639807,9.2588
7,7,223.685,4543.0,20.309810671256454,9.2588
6,24,1959.276,1997.0,1.0192540509861805,1.0203
10,24,1947.415,1997.0,1.0254619585450457,1.0265
12,24,1936.339,1998.0,1.0318441140730006,1.0326
8,24,1922.945,1999.0,1.0395513132200869,1.0399
9,24,1922.933,2038.0,1.0598393183745871,1.046
11,24,1931.572,1959.0,1.014199833089318,1.0291
5,24,1919.046,1977.0,1.030199380317095,1.0386
1,24,1977.49,1999.0,1.0108774254231374,1.0112
4,24,1966.928,1983.0,1.0081711176006443,1.0142
6,25,1960.158,1999.0,1.0198157495467202,1.0202
10,25,1948.292,1999.0,1.0260268994586028,1.0264
12,25,1936.92,1997.0,1.031018317741569,1.0321
8,25,1923.234,1997.0,1.0383551871483139,1.0394
9,25,1912.034,1958.0,1.024040367483005,1.0394
11,25,1943.525,2037.0,1.0480955994906163,1.0348
5,25,1925.69,1986.0,1.0313186442262254,1.0364
1,25,1977.787,1998.0,1.0102200085246793,1.0109
4,25,1971.957,1990.0,1.0091497938342469,1.0127
3,8,216.01,4382.0,20.286097865839544,9.4812
6,26,1960.452,1998.0,1.0191527260040032,1.0199
10,26,1948.584,1998.0,1.0253599536894482,1.0261
12,26,1937.792,1999.0,1.0315864654204374,1.0319
8,26,1924.099,2000.0,1.0394475544137802,1.0394
9,26,1924.156,2041.0,1.060724806096803,1.0458
11,26,1932.797,1962.0,1.0151091914981243,1.0289
2,8,216.01,4432.0,20.517568631081897,9.4812
7,8,216.01,4434.0,20.52682746169159,9.4812
5,26,1929.742,2051.0,1.0628363791636395,1.0443
1,26,1978.38,2001.0,1.0114335971855761,1.0111
4,26,1974.919,1993.0,1.0091553121925507,1.0116
6,27,1961.04,1999.0,1.019357075837311,1.0197
10,27,1949.169,1999.0,1.0255652537055535,1.0259
12,27,1938.083,1998.0,1.0309156006218516,1.0316
8,27,1924.099,1997.0,1.0378883830821595,1.039
9,27,1912.395,1956.0,1.022801251833434,1.0389
11,27,1943.877,2036.0,1.0473913730138276,1.0344
5,27,1915.092,2031.0,1.060523463102556,1.0492
1,27,1978.083,2000.0,1.0110799192956008,1.0111
4,27,1976.994,1994.0,1.0086019482102626,1.0107
3,9,210.944,4263.0,20.20915503640777,9.6368
6,28,1961.334,1999.0,1.0192042762731894,1.0196
10,28,1949.461,2010.0,1.0310542247318617,1.0275
12,28,1938.664,2011.0,1.0373122934144339,1.0333
8,28,1924.965,1966.0,1.0213172707036233,1.0337
9,28,1925.1,2047.0,1.0633213859020312,1.0462
11,28,1933.437,1966.0,1.0168420279533288,1.0292
5,28,1906.228,1966.0,1.0313561651596765,1.0438
2,9,210.944,4331.0,20.53151547330097,9.6368
7,9,210.944,4326.0,20.5078125,9.6368
1,28,1978.083,1999.0,1.010574379335953,1.0109
4,28,1978.775,1995.0,1.008199517378176,1.01
6,29,1961.629,2012.0,1.0256781481105754,1.0214
10,29,1946.541,2009.0,1.032087174120658,1.0289
12,29,1935.471,2007.0,1.0369568957633568,1.0344
8,29,1934.833,2051.0,1.0600398070531152,1.0416
9,29,1911.623,1971.0,1.031061040801455,1.0417
11,29,1943.347,2047.0,1.053337360749264,1.0364
5,29,1915.999,1973.0,1.029750015527148,1.0396
1,29,1978.38,2000.0,1.0109281331190165,1.0109
4,29,1980.26,2008.0,1.0140082615414137,1.0112
3,10,207.537,4203.0,20.251810520533688,9.7458
6,30,1958.104,2005.0,1.0239496982795602,1.0222
10,30,1943.917,2002.0,1.0298793621332598,1.0292
12,30,1933.441,2002.0,1.0354595769925226,1.0347
8,30,1920.144,2002.0,1.0426301360731278,1.0419
9,30,1919.975,2001.0,1.0422010703264366,1.0418
11,30,1929.743,2004.0,1.038480253588172,1.037
5,30,1923.79,1982.0,1.0302579803408896,1.0368
1,30,1978.38,2009.0,1.015477309718052,1.0123
2,10,207.537,4259.0,20.521641924090645,9.7458
7,10,207.537,4274.0,20.593918192900542,9.7458
4,30,1977.887,2007.0,1.014719243313698,1.0122
6,31,1956.637,2001.0,1.0226730865255027,1.0223
10,31,1943.333,1995.0,1.0265867970131728,1.0284
12,31,1932.861,1995.0,1.0321487163329386,1.034
8,31,1919.568,1996.0,1.0398172922240838,1.0413
9,31,1919.687,2036.0,1.060589564861355,1.0475
11,31,1928.586,1957.0,1.014733073868627,1.0303
5,31,1928.999,1990.0,1.0316231371815123,1.0353
1,31,1975.713,2010.0,1.0173542412283565,1.0138
4,31,1975.812,1993.0,1.0086992082242643,1.0112
6,32,1956.343,1993.0,1.018737511775798,1.0212
10,32,1944.792,2002.0,1.0294159992431067,1.0287
12,32,1934.311,2003.0,1.035510835641218,1.0344
3,11,205.217,4192.0,20.427157594156427,9.822
8,32,1920.72,2001.0,1.0417968261901787,1.0414
9,32,1909.377,1961.0,1.027036567424872,1.0413
11,32,1941.106,2075.0,1.0689782010874214,1.0419
5,32,1931.896,1991.0,1.0305937793752873,1.0339
1,32,1972.753,1998.0,1.0127978515303233,1.0135
2,11,205.217,4228.0,20.602581657465024,9.822
7,11,205.217,4228.0,20.602581657465024,9.822
4,32,1977.889,2000.0,1.0111790904342963,1.0112
6,33,1958.399,2005.0,1.0237954574118961,1.022
10,33,1944.209,2002.0,1.0297246849489947,1.029
12,33,1933.441,2001.0,1.0349423644166023,1.0346
8,33,1920.432,2002.0,1.0424737767335683,1.0417
9,33,1920.612,2041.0,1.0626821034128704,1.0477
11,33,1919.511,1966.0,1.024219189158072,1.0366
5,33,1934.508,1991.0,1.0292022571113688,1.0325
1,33,1973.345,1999.0,1.0130007677319475,1.0134
4,33,1977.889,1995.0,1.0086511427082108,1.0104
6,34,1956.931,2001.0,1.022519444988096,1.0222
10,34,1943.626,2014.0,1.0362075831461404,1.0312
12,34,1933.151,1981.0,1.0247518171110275,1.0316
8,34,1919.856,2013.0,1.0485161387104034,1.0438
9,34,1908.872,1974.0,1.034118578930384,1.0437
11,34,1929.351,2013.0,1.043356030084728,1.0386
3,12,203.624,4162.0,20.439633834911405,9.8754
5,34,1937.123,2002.0,1.0334914200079188,1.0328
1,34,1973.641,1999.0,1.0128488413039656,1.0132
4,34,1979.373,2000.0,1.0104209767436456,1.0104
2,12,203.624,4209.0,20.6704514202648,9.8754
7,12,203.624,4193.0,20.59187522099556,9.8754
6,35,1956.638,2013.0,1.0288055327556758,1.0242
10,35,1939.553,2004.0,1.0332277591795636,1.0318
12,35,1938.677,2037.0,1.050716545355415,1.0374
8,35,1916.12,1961.0,1.0234223326305243,1.0377
9,35,1916.346,2040.0,1.0645259259027335,1.0499
11,35,1925.596,1963.0,1.0194246352817518,1.0329
5,35,1936.542,1992.0,1.0286376438001346,1.0315
1,35,1973.937,2002.0,1.0142167657833052,1.0135
4,35,1979.373,2005.0,1.0129470291855047,1.0112
6,36,1952.829,2000.0,1.0241552127708058,1.0242
10,36,1938.389,1996.0,1.029721072498864,1.0312
12,36,1927.976,1996.0,1.0352825968787993,1.0367
8,36,1927.395,2041.0,1.0589422510694486,1.0441
9,36,1904.916,1962.0,1.0299666756959363,1.0439
11,36,1936.342,2040.0,1.0535328986305104,1.0391
5,36,1938.869,1997.0,1.0299819121353737,1.0311
3,13,202.523,4092.0,20.20511250574009,9.9128
1,36,1973.344,2004.0,1.0155350511618857,1.0141
4,36,1977.889,2001.0,1.0116846799795136,1.0113
2,13,202.523,4159.0,20.53593912790152,9.9128
7,13,202.523,4161.0,20.54581454945858,9.9128
6,37,1952.829,1994.0,1.0210827471324935,1.0232
10,37,1939.553,1991.0,1.0265251838954645,1.0298
12,37,1929.133,1991.0,1.0320698469208707,1.0353
8,37,1915.614,1997.0,1.0424855946970528,1.0436
9,37,1915.836,1997.0,1.0423647953165094,1.0435
11,37,1924.794,2028.0,1.0536192444490162,1.0434
5,37,1939.741,2010.0,1.0362208150469574,1.0326
1,37,1972.161,1994.0,1.0110736395253734,1.0132
4,37,1977.593,1996.0,1.0093077797099808,1.0107
6,38,1954.589,1996.0,1.0211865512391607,1.0226
10,38,1942.175,2024.0,1.0421306010014546,1.0335
12,38,1931.741,1991.0,1.0306764726741318,1.0339
8,38,1916.476,2039.0,1.0639319250541097,1.0497
9,38,1916.699,2039.0,1.0638081409757087,1.0496
11,38,1916.743,2018.0,1.052827635212441,1.0463
5,38,1936.836,2015.0,1.0403565402543116,1.0349
3,14,201.759,4077.0,20.207276998795596,9.939
1,38,1973.937,1996.0,1.011177155096642,1.0126
4,38,1978.779,2000.0,1.0107242900798927,1.0107
2,14,201.759,4144.0,20.539356360806707,9.939
7,14,201.759,4156.0,20.598833261465412,9.939
6,39,1955.762,2070.0,1.0584109927486065,1.0334
10,39,1935.208,2004.0,1.0355476000512607,1.0341
12,39,1934.353,2357.0,1.2184952798170758,1.0893
8,39,1905.33,2259.0,1.1856213884209035,1.0905
9,39,1905.551,2259.0,1.185483883664095,1.0903
5,39,1932.488,2139.0,1.1068632767706708,1.0565
11,39,1911.581,2170.0,1.1351860057198728,1.0729
1,39,1975.122,2303.0,1.1660039227956551,1.0586
4,39,1978.779,2003.0,1.0122403765150125,1.0112
6,40,1935.44,2229.0,1.1516761046583723,1.0689
12,40,1836.033,1920.0,1.0457328381352624,1.0762
10,40,1934.048,2319.0,1.1990395274574364,1.0836
8,40,1834.076,1997.0,1.0888316514691867,1.09
3,15,201.228,4069.0,20.22084401773113,9.9573
9,40,1834.289,2088.0,1.1383157179702872,1.1047
5,40,1893.019,2252.0,1.1896341241160284,1.0964
11,40,1864.048,2513.0,1.348141249581556,1.1555
1,40,1889.256,1910.0,1.0109799836549413,1.0443
4,40,1977.889,1995.0,1.0086511427082108,1.0104
2,15,201.228,4144.0,20.59355556880752,9.9573
7,15,201.228,4128.0,20.51404377124456,9.9573
6,41,1871.165,1910.0,1.0207544497679253,1.0544
12,41,1858.333,1902.0,1.0234979414346084,1.0604
10,41,1845.729,1902.0,1.0304871408532887,1.0677
8,41,1834.902,1902.0,1.0365676205050733,1.074
9,41,1810.392,1850.0,1.021878134680224,1.0799
5,41,1824.069,1882.0,1.0317592152489845,1.077
11,41,1730.859,1754.0,1.0133696621157473,1.1129
1,41,1915.109,1935.0,1.0103863539882065,1.0341
4,41,1979.374,1998.0,1.0094100458023598,1.0101
6,42,1896.771,1933.0,1.0191003552880131,1.0438
12,42,1886.058,1934.0,1.025419154660143,1.0499
10,42,1873.266,1935.0,1.0329552770402068,1.0572
8,42,1862.277,1903.0,1.0218673161941,1.0583
9,42,1852.063,1933.0,1.0437009972122977,1.069
5,42,1856.936,1912.0,1.029653149058449,1.0628
11,42,1797.174,1835.0,1.021047489002178,1.0853
3,16,200.858,4060.0,20.213285007318603,9.9701
1,42,1933.965,1956.0,1.0113936911991686,1.0273
4,42,1979.967,1999.0,1.009612786475734,1.01
2,16,200.858,4121.0,20.516982146591122,9.9701
7,16,200.858,4121.0,20.516982146591122,9.9701
6,43,1916.027,1953.0,1.019296700933755,1.0365
12,43,1904.916,1953.0,1.0252420579175145,1.0425
10,43,1891.71,1953.0,1.0323992578143584,1.0498
8,43,1889.773,1986.0,1.0509198723867894,1.0561
9,43,1870.866,1917.0,1.0246591685347854,1.0557
11,43,1842.783,1869.0,1.0142268514523958,1.064
5,43,1881.776,1951.0,1.036786525069934,1.055
1,43,1946.814,1966.0,1.0098550760370533,1.0221
4,43,1980.264,1999.0,1.0094613647473267,1.0098
6,44,1929.631,1967.0,1.019365878761276,1.0313
12,44,1918.441,1967.0,1.0253116984051112,1.0374
8,44,1893.75,1933.0,1.0207260726072607,1.0455
10,44,1905.141,1969.0,1.033519303820557,1.0449
9,44,1894.451,1972.0,1.0409348143604664,1.0513
11,44,1879.72,1904.0,1.0129168173983358,1.0487
5,44,1895.709,1953.0,1.0302214105645962,1.0476
3,17,200.6,4073.0,20.304087736789633,9.9791
1,44,1956.794,1978.0,1.0108371141775783,1.0187
4,44,1980.561,1998.0,1.00880508098463,1.0095
2,17,200.6,4116.0,20.518444666001994,9.9791
7,17,200.6,4118.0,20.5284147557328,9.9791
6,45,1939.231,1990.0,1.0261799651511347,1.0298
10,45,1914.041,1995.0,1.0422974220510428,1.0441
12,45,1927.985,2044.0,1.0601742233471734,1.0442
8,45,1912.976,1998.0,1.044445931365579,1.0452
9,45,1902.441,2073.0,1.0896527145914117,1.0628
11,45,1907.183,1959.0,1.0271693906667583,1.0422
5,45,1909.169,1969.0,1.0313387657142976,1.0427
1,45,1963.272,1984.0,1.0105578850001427,1.0163
4,45,1981.155,2001.0,1.0100168840903412,1.0097
6,46,1942.144,2034.0,1.0472961840110724,1.035
10,46,1915.478,2003.0,1.0456919891536212,1.0446
12,46,1915.343,2003.0,1.0457656931421682,1.0447
8,46,1913.55,2080.0,1.0869849233100781,1.0577
9,46,1881.835,1966.0,1.0447249626029913,1.0574
11,46,1918.984,2044.0,1.065146973606867,1.0491
5,46,1918.088,1985.0,1.0348847393863057,1.0404
3,18,200.42,4049.0,20.202574593353958,9.9853
1,46,1967.995,1992.0,1.0121976935917012,1.015
4,46,1980.857,1998.0,1.008654334967138,1.0094
2,18,200.42,4115.0,20.531883045604232,9.9853
7,18,200.42,4129.0,20.60173635365732,9.9853
6,47,1932.289,2095.0,1.0842063480152295,1.0498
10,47,1914.616,2035.0,1.0628763156685206,1.0501
12,47,1914.482,2035.0,1.0629507093824857,1.0502
8,47,1890.859,1958.0,1.035508200241266,1.0511
11,47,1906.402,1932.0,1.0134273883472635,1.0384
9,47,1891.482,2153.0,1.1382608980682871,1.0816
5,47,1922.413,2049.0,1.065847973354321,1.048
1,47,1970.36,1991.0,1.0104752431027832,1.0137
4,47,1981.452,2000.0,1.0093608121720838,1.0094
6,48,1905.14,1993.0,1.046117345706877,1.0487
10,48,1904.617,2035.0,1.068456282811715,1.0556
12,48,1904.483,2068.0,1.0858589969036216,1.0609
8,48,1902.847,2111.0,1.109390297801137,1.0686
9,48,1849.046,1916.0,1.0362100239799334,1.068
11,48,1926.047,2134.0,1.1079688086531636,1.0593
5,48,1908.387,2024.0,1.0605815277509227,1.0518
3,19,200.294,4047.0,20.205298211628904,9.9897
1,48,1973.023,1995.0,1.011138744961412,1.0129
4,48,1981.452,2006.0,1.0123888946086002,1.0103
6,49,1907.143,1951.0,1.0229961780527208,1.041
10,49,1894.67,1952.0,1.0302585674550184,1.048
12,49,1885.253,1952.0,1.0354047971280247,1.0532
2,19,200.294,4142.0,20.679600986549772,9.9897
8,49,1871.683,1953.0,1.0434459254051034,1.061
9,49,1872.641,1953.0,1.042912122505061,1.0605
7,19,200.294,4168.0,20.80941016705443,9.9897
11,49,1888.097,1979.0,1.0481453018568432,1.0559
5,49,1901.541,2077.0,1.0922720046530683,1.0639
1,49,1974.504,1997.0,1.0113932410367363,1.0125
4,49,1979.67,2000.0,1.0102693883323988,1.0103
6,50,1921.264,1965.0,1.0227641802480034,1.0355
10,50,1908.41,1966.0,1.0301769535896375,1.0426
12,50,1898.926,1966.0,1.0353220715288538,1.0479
8,50,1884.972,2027.0,1.0753475383188715,1.0653
9,50,1885.937,2065.0,1.0949464377654186,1.0708
11,50,1894.063,2047.0,1.0807454662278921,1.0634
5,50,1879.829,1956.0,1.040520174973362,1.0569
3,20,200.205,4050.0,20.229265003371545,9.9928
1,50,1975.393,2020.0,1.022581329386102,1.0155
4,50,1979.67,2002.0,1.0112796577207313,1.0106
6,51,1931.404,1977.0,1.0236076967843082,1.0319
10,51,1918.193,1988.0,1.0363920627382124,1.0408
12,51,1908.66,1955.0,1.0242788134083598,1.0408
8,51,1877.369,1925.0,1.0253711444047495,1.0533
9,51,1867.727,1925.0,1.0306645457285781,1.0588
11,51,1880.803,1906.0,1.013396937371963,1.0484
2,20,200.205,4150.0,20.728753028146148,9.9928
5,51,1892.318,2019.0,1.0669454076957468,1.0599
7,20,200.205,4165.0,20.80367623186234,9.9928
1,51,1969.484,1991.0,1.0109246889032864,1.0141
4,51,1979.076,2007.0,1.0141096147899322,1.0116
6,52,1938.091,1995.0,1.0293634303033243,1.0312
10,52,1921.652,1977.0,1.0288023013532106,1.0372
12,52,1921.631,2010.0,1.0459864562967605,1.0423
8,52,1898.729,1980.0,1.042802843375753,1.0502
9,52,1888.978,1942.0,1.0280691463849765,1.0496
11,52,1907.702,1956.0,1.0253173713714197,1.0415
5,52,1886.94,1944.0,1.0302394352761615,1.051
1,52,1972.146,1993.0,1.0105742678280412,1.0131
3,21,200.144,4058.0,20.275401710768246,9.995
4,52,1977.0,2003.0,1.013151239251391,1.0121
6,53,1939.545,1976.0,1.0187956453704348,1.0275
10,53,1928.305,1978.0,1.0257713380404034,1.0338
12,53,1918.753,1980.0,1.031920210678498,1.0392
8,53,1904.443,1982.0,1.0407242432564272,1.0473
9,53,1905.556,2024.0,1.0621571866688777,1.0533
11,53,1920.376,1945.0,1.0128224889292514,1.0329
5,53,1902.925,1961.0,1.03051880657409,1.0449
2,21,200.144,4105.0,20.510232632504596,9.995
7,21,200.144,4059.0,20.28039811335838,9.995
1,53,1974.219,1995.0,1.0105261878241472,1.0123
4,53,1976.11,2002.0,1.013101497386279,1.0124
6,54,1946.553,1998.0,1.0264297966713467,1.0271
10,54,1934.689,1975.0,1.0208359069597233,1.0299
12,54,1924.526,2204.0,1.1452170560439296,1.071
8,54,1909.599,2157.0,1.1295565194577502,1.072
9,54,1898.72,2115.0,1.1139083171821016,1.0715
11,54,1936.351,2115.0,1.0922606490248927,1.0507
5,54,1914.122,2233.0,1.1665923070734259,1.0814
1,54,1975.701,2002.0,1.013311224724794,1.0126
3,22,200.101,4044.0,20.209794054002728,9.9965
4,54,1975.518,2019.0,1.0220104296695853,1.0153
6,55,1947.137,2046.0,1.0507735203018587,1.0342
10,55,1941.971,2204.0,1.1349294093475135,1.0614
11,55,1903.515,1941.0,1.0196925162134263,1.0414
12,55,1867.384,1998.0,1.0699459779027773,1.0707
8,55,1865.662,2098.0,1.1245338115907382,1.0878
9,55,1866.523,2203.0,1.180269410020664,1.1041
5,55,1849.483,1928.0,1.0424534856497736,1.0697
2,22,200.101,4120.0,20.589602250863315,9.9965
7,22,200.101,4063.0,20.304746103217877,9.9965
1,55,1975.108,1998.0,1.0115902522798754,1.0123
4,55,1969.903,1987.0,1.0086791075499657,1.0133
12,56,1344.261,1377.0,1.0243546454148413,1.0568
5,56,764.185,790.0,1.0337810870404418,1.0589
6,56,1933.793,1971.0,1.01924042542299,1.0297
2,23,74.791,1555.0,20.791271677073446,9.9975
10,56,1884.311,1919.0,1.018409381466223,1.0485
