percentile,control_ms,speculation_ms
0.0748502994011976,169.0,30.0
0.1497005988023952,346.0,30.0
0.2245508982035928,412.0,418.0
0.2994011976047904,414.0,450.0
0.37425149700598803,483.0,451.0
0.4491017964071856,483.0,451.0
0.5239520958083832,500.0,451.0
0.5988023952095808,523.0,463.0
0.6736526946107785,527.0,468.0
0.7485029940119761,528.0,468.0
0.8233532934131736,550.0,468.0
0.8982035928143712,550.0,473.0
0.9730538922155688,550.0,488.0
1.0479041916167664,550.0,503.0
1.122754491017964,557.0,511.0
1.1976047904191616,559.0,535.0
1.2724550898203593,566.0,538.0
1.347305389221557,571.0,565.0
1.4221556886227544,578.0,565.0
1.4970059880239521,578.0,565.0
1.5718562874251496,578.0,565.0
1.6467065868263473,612.0,565.0
1.721556886227545,612.0,565.0
1.7964071856287425,612.0,566.0
1.8712574850299402,613.0,567.0
1.9461077844311376,613.0,567.0
2.0209580838323356,613.0,567.0
2.095808383233533,663.0,567.0
2.1706586826347305,689.0,569.0
2.245508982035928,689.0,570.0
2.320359281437126,690.0,572.0
2.395209580838323,690.0,574.0
2.470059880239521,690.0,581.0
2.5449101796407185,690.0,581.0
2.6197604790419162,690.0,581.0
2.694610778443114,690.0,637.0
2.769461077844311,690.0,642.0
2.844311377245509,690.0,672.0
2.9191616766467066,690.0,673.0
2.9940119760479043,691.0,676.0
3.068862275449102,691.0,679.0
3.143712574850299,691.0,706.0
3.218562874251497,691.0,710.0
3.2934131736526946,700.0,718.0
3.3682634730538923,742.0,718.0
3.44311377245509,743.0,718.0
3.5179640718562872,776.0,718.0
3.592814371257485,776.0,719.0
3.6676646706586826,776.0,719.0
3.7425149700598803,779.0,719.0
3.817365269461078,780.0,719.0
3.8922155688622753,784.0,739.0
3.967065868263473,851.0,743.0
4.041916167664671,877.0,751.0
4.116766467065868,890.0,804.0
4.191616766467066,907.0,804.0
4.266467065868263,930.0,810.0
4.341317365269461,933.0,937.0
4.416167664670659,1265.0,954.0
4.491017964071856,1346.0,954.0
4.565868263473054,1394.0,977.0
4.640718562874252,1406.0,1333.0
4.7155688622754495,1409.0,1391.0
4.790419161676646,1409.0,1432.0
4.865269461077844,1410.0,1452.0
4.940119760479042,1410.0,1468.0
5.014970059880239,1424.0,1470.0
5.089820359281437,1442.0,1493.0
5.164670658682635,1459.0,1494.0
5.2395209580838324,1459.0,1494.0
5.31437125748503,1473.0,1494.0
5.389221556886228,1477.0,1512.0
5.4640718562874255,1487.0,1516.0
5.538922155688622,1499.0,1517.0
5.61377245508982,1499.0,1528.0
5.688622754491018,1500.0,1531.0
5.763473053892215,1500.0,1535.0
5.838323353293413,1504.0,1543.0
5.913173652694611,1522.0,1543.0
5.9880239520958085,1528.0,1543.0
6.062874251497006,1528.0,1549.0
6.137724550898204,1528.0,1550.0
6.212574850299402,1528.0,1556.0
6.287425149700598,1533.0,1559.0
6.362275449101796,1533.0,1566.0
6.437125748502994,1537.0,1580.0
6.5119760479041915,1559.0,1580.0
6.586826347305389,1563.0,1585.0
6.661676646706587,1566.0,1591.0
6.736526946107785,1573.0,1591.0
6.811377245508982,1573.0,1591.0
6.88622754491018,1573.0,1594.0
6.961077844311378,1573.0,1594.0
7.0359281437125745,1576.0,1597.0
7.110778443113772,1588.0,1597.0
7.18562874251497,1592.0,1600.0
7.2604790419161676,1592.0,1604.0
7.335329341317365,1592.0,1605.0
7.410179640718563,1592.0,1607.0
7.485029940119761,1592.0,1611.0
7.559880239520958,1592.0,1611.0
7.634730538922156,1603.0,1611.0
7.709580838323354,1609.0,1612.0
7.7844311377245505,1609.0,1612.0
7.859281437125748,1611.0,1619.0
7.934131736526946,1614.0,1621.0
8.008982035928144,1615.0,1621.0
8.083832335329342,1616.0,1621.0
8.158682634730539,1616.0,1621.0
8.233532934131736,1616.0,1628.0
8.308383233532934,1616.0,1628.0
8.383233532934131,1617.0,1638.0
8.45808383233533,1617.0,1639.0
8.532934131736527,1617.0,1647.0
8.607784431137725,1617.0,1648.0
8.682634730538922,1618.0,1648.0
8.75748502994012,1619.0,1649.0
8.832335329341317,1620.0,1651.0
8.907185628742514,1622.0,1652.0
8.982035928143713,1623.0,1652.0
9.05688622754491,1623.0,1653.0
9.131736526946108,1624.0,1656.0
9.206586826347305,1626.0,1659.0
9.281437125748504,1626.0,1660.0
9.3562874251497,1626.0,1665.0
9.431137724550899,1630.0,1666.0
9.505988023952096,1630.0,1667.0
9.580838323353293,1630.0,1668.0
9.655688622754491,1631.0,1669.0
9.730538922155688,1631.0,1672.0
9.805389221556887,1639.0,1672.0
9.880239520958083,1642.0,1672.0
9.955089820359282,1642.0,1674.0
10.029940119760479,1645.0,1674.0
10.104790419161677,1645.0,1677.0
10.179640718562874,1647.0,1678.0
10.254491017964073,1650.0,1683.0
10.32934131736527,1650.0,1683.0
10.404191616766466,1650.0,1687.0
10.479041916167665,1651.0,1688.0
10.553892215568862,1653.0,1690.0
10.62874251497006,1658.0,1690.0
10.703592814371257,1658.0,1690.0
10.778443113772456,1661.0,1691.0
10.853293413173652,1661.0,1694.0
10.928143712574851,1662.0,1696.0
11.002994011976048,1667.0,1700.0
11.077844311377245,1669.0,1703.0
11.152694610778443,1670.0,1707.0
11.22754491017964,1670.0,1707.0
11.302395209580839,1671.0,1708.0
11.377245508982035,1671.0,1709.0
11.452095808383234,1673.0,1711.0
11.52694610778443,1673.0,1711.0
11.60179640718563,1676.0,1712.0
11.676646706586826,1682.0,1714.0
11.751497005988025,1682.0,1714.0
11.826347305389222,1684.0,1714.0
11.901197604790418,1686.0,1714.0
11.976047904191617,1687.0,1716.0
12.050898203592814,1691.0,1718.0
12.125748502994012,1691.0,1718.0
12.20059880239521,1691.0,1718.0
12.275449101796408,1691.0,1718.0
12.350299401197605,1691.0,1718.0
12.425149700598803,1692.0,1718.0
12.5,1692.0,1718.0
12.574850299401197,1693.0,1722.0
12.649700598802395,1696.0,1724.0
12.724550898203592,1698.0,1730.0
12.79940119760479,1702.0,1731.0
12.874251497005988,1703.0,1731.0
12.949101796407186,1703.0,1733.0
13.023952095808383,1705.0,1734.0
13.098802395209582,1705.0,1734.0
13.173652694610778,1706.0,1735.0
13.248502994011975,1706.0,1735.0
13.323353293413174,1707.0,1735.0
13.39820359281437,1709.0,1738.0
13.47305389221557,1710.0,1738.0
13.547904191616766,1711.0,1740.0
13.622754491017965,1711.0,1740.0
13.697604790419161,1712.0,1741.0
13.77245508982036,1715.0,1744.0
13.847305389221557,1718.0,1744.0
13.922155688622755,1719.0,1745.0
13.997005988023952,1720.0,1747.0
14.071856287425149,1722.0,1748.0
14.146706586826348,1722.0,1748.0
14.221556886227544,1723.0,1748.0
14.296407185628743,1729.0,1748.0
14.37125748502994,1731.0,1760.0
14.446107784431138,1733.0,1760.0
14.520958083832335,1735.0,1764.0
14.595808383233534,1735.0,1766.0
14.67065868263473,1738.0,1767.0
14.745508982035927,1741.0,1767.0
14.820359281437126,1742.0,1767.0
14.895209580838323,1742.0,1768.0
14.970059880239521,1743.0,1768.0
15.044910179640718,1747.0,1769.0
15.119760479041917,1748.0,1769.0
15.194610778443113,1749.0,1769.0
15.269461077844312,1753.0,1770.0
15.344311377245509,1755.0,1773.0
15.419161676646707,1756.0,1773.0
15.494011976047904,1757.0,1774.0
15.568862275449101,1759.0,1775.0
15.6437125748503,1759.0,1778.0
15.718562874251496,1760.0,1779.0
15.793413173652695,1760.0,1783.0
15.868263473053892,1762.0,1783.0
15.94311377245509,1762.0,1786.0
16.017964071856287,1762.0,1786.0
16.092814371257486,1762.0,1788.0
16.167664670658684,1762.0,1791.0
16.24251497005988,1763.0,1791.0
16.317365269461078,1763.0,1792.0
16.392215568862277,1765.0,1792.0
16.46706586826347,1767.0,1793.0
16.54191616766467,1769.0,1793.0
16.61676646706587,1769.0,1797.0
16.691616766467067,1769.0,1799.0
16.766467065868262,1769.0,1800.0
16.84131736526946,1772.0,1802.0
16.91616766467066,1772.0,1802.0
16.991017964071855,1772.0,1802.0
17.065868263473053,1774.0,1803.0
17.14071856287425,1774.0,1803.0
17.21556886227545,1775.0,1803.0
17.290419161676645,1775.0,1805.0
17.365269461077844,1777.0,1805.0
17.440119760479043,1778.0,1805.0
17.51497005988024,1778.0,1806.0
17.589820359281436,1779.0,1806.0
17.664670658682635,1779.0,1806.0
17.739520958083833,1780.0,1808.0
17.81437125748503,1780.0,1809.0
17.889221556886227,1780.0,1809.0
17.964071856287426,1782.0,1811.0
18.038922155688624,1785.0,1811.0
18.11377245508982,1787.0,1811.0
18.188622754491018,1788.0,1813.0
18.263473053892216,1791.0,1815.0
18.338323353293415,1791.0,1815.0
18.41317365269461,1792.0,1815.0
18.48802395209581,1792.0,1816.0
18.562874251497007,1793.0,1817.0
18.637724550898202,1794.0,1817.0
18.7125748502994,1795.0,1817.0
18.7874251497006,1795.0,1818.0
18.862275449101798,1797.0,1818.0
18.937125748502993,1798.0,1819.0
19.01197604790419,1802.0,1821.0
19.08682634730539,1802.0,1821.0
19.161676646706585,1803.0,1822.0
19.236526946107784,1803.0,1822.0
19.311377245508982,1803.0,1822.0
19.38622754491018,1803.0,1822.0
19.461077844311376,1804.0,1824.0
19.535928143712574,1805.0,1825.0
19.610778443113773,1805.0,1825.0
19.68562874251497,1808.0,1826.0
19.760479041916167,1808.0,1827.0
19.835329341317365,1809.0,1827.0
19.910179640718564,1810.0,1828.0
19.98502994011976,1811.0,1828.0
20.059880239520957,1811.0,1830.0
20.134730538922156,1812.0,1832.0
20.209580838323355,1812.0,1832.0
20.28443113772455,1813.0,1833.0
20.35928143712575,1814.0,1833.0
20.434131736526947,1815.0,1833.0
20.508982035928145,1815.0,1834.0
20.58383233532934,1815.0,1834.0
20.65868263473054,1816.0,1836.0
20.733532934131738,1816.0,1836.0
20.808383233532933,1816.0,1838.0
20.88323353293413,1821.0,1839.0
20.95808383233533,1822.0,1839.0
21.03293413173653,1822.0,1839.0
21.107784431137723,1825.0,1840.0
21.182634730538922,1825.0,1841.0
21.25748502994012,1826.0,1841.0
21.332335329341316,1826.0,1842.0
21.407185628742514,1826.0,1842.0
21.482035928143713,1827.0,1844.0
21.55688622754491,1827.0,1844.0
21.631736526946106,1827.0,1844.0
21.706586826347305,1827.0,1845.0
21.781437125748504,1827.0,1846.0
21.856287425149702,1828.0,1846.0
21.931137724550897,1828.0,1846.0
22.005988023952096,1829.0,1847.0
22.080838323353294,1829.0,1847.0
22.15568862275449,1830.0,1848.0
22.230538922155688,1831.0,1848.0
22.305389221556887,1831.0,1848.0
22.380239520958085,1833.0,1848.0
22.45508982035928,1833.0,1849.0
22.52994011976048,1833.0,1849.0
22.604790419161677,1834.0,1850.0
22.679640718562876,1834.0,1850.0
22.75449101796407,1834.0,1851.0
22.82934131736527,1836.0,1851.0
22.904191616766468,1837.0,1852.0
22.979041916167663,1838.0,1852.0
23.05389221556886,1838.0,1853.0
23.12874251497006,1838.0,1854.0
23.20359281437126,1838.0,1855.0
23.278443113772454,1840.0,1855.0
23.353293413173652,1841.0,1856.0
23.42814371257485,1841.0,1857.0
23.50299401197605,1842.0,1858.0
23.577844311377245,1842.0,1858.0
23.652694610778443,1843.0,1862.0
23.727544910179642,1843.0,1863.0
23.802395209580837,1843.0,1863.0
23.877245508982035,1844.0,1865.0
23.952095808383234,1847.0,1866.0
24.026946107784433,1847.0,1867.0
24.101796407185628,1849.0,1867.0
24.176646706586826,1849.0,1867.0
24.251497005988025,1850.0,1868.0
24.32634730538922,1852.0,1869.0
24.40119760479042,1853.0,1869.0
24.476047904191617,1853.0,1869.0
24.550898203592816,1853.0,1869.0
24.62574850299401,1853.0,1872.0
24.70059880239521,1855.0,1872.0
24.775449101796408,1855.0,1872.0
24.850299401197606,1855.0,1873.0
24.9251497005988,1855.0,1873.0
25.0,1856.0,1873.0
25.0748502994012,1858.0,1875.0
25.149700598802394,1859.0,1875.0
25.224550898203592,1859.0,1876.0
25.29940119760479,1860.0,1876.0
25.37425149700599,1860.0,1876.0
25.449101796407184,1861.0,1877.0
25.523952095808383,1861.0,1877.0
25.59880239520958,1861.0,1877.0
25.67365269461078,1862.0,1877.0
25.748502994011975,1863.0,1877.0
25.823353293413174,1864.0,1878.0
25.898203592814372,1865.0,1878.0
25.973053892215567,1866.0,1878.0
26.047904191616766,1866.0,1879.0
26.122754491017965,1869.0,1879.0
26.197604790419163,1869.0,1879.0
26.272455089820358,1870.0,1880.0
26.347305389221557,1870.0,1880.0
26.422155688622755,1870.0,1880.0
26.49700598802395,1871.0,1881.0
26.57185628742515,1872.0,1881.0
26.646706586826348,1872.0,1881.0
26.721556886227546,1872.0,1881.0
26.79640718562874,1872.0,1882.0
26.87125748502994,1873.0,1882.0
26.94610778443114,1873.0,1882.0
27.020958083832337,1874.0,1882.0
27.095808383233532,1874.0,1883.0
27.17065868263473,1874.0,1883.0
27.24550898203593,1874.0,1884.0
27.320359281437124,1875.0,1886.0
27.395209580838323,1876.0,1887.0
27.47005988023952,1879.0,1887.0
27.54491017964072,1880.0,1887.0
27.619760479041915,1880.0,1887.0
27.694610778443113,1880.0,1887.0
27.769461077844312,1880.0,1887.0
27.84431137724551,1880.0,1888.0
27.919161676646706,1881.0,1888.0
27.994011976047904,1881.0,1888.0
28.068862275449103,1881.0,1889.0
28.143712574850298,1882.0,1889.0
28.218562874251496,1884.0,1890.0
28.293413173652695,1884.0,1891.0
28.368263473053894,1885.0,1891.0
28.44311377245509,1885.0,1891.0
28.517964071856287,1885.0,1891.0
28.592814371257486,1885.0,1891.0
28.667664670658684,1886.0,1891.0
28.74251497005988,1887.0,1892.0
28.817365269461078,1887.0,1892.0
28.892215568862277,1888.0,1892.0
28.96706586826347,1889.0,1893.0
29.04191616766467,1889.0,1893.0
29.11676646706587,1890.0,1893.0
29.191616766467067,1893.0,1893.0
29.266467065868262,1894.0,1894.0
29.34131736526946,1894.0,1895.0
29.41616766467066,1896.0,1896.0
29.491017964071855,1896.0,1897.0
29.565868263473053,1896.0,1897.0
29.64071856287425,1896.0,1897.0
29.71556886227545,1896.0,1897.0
29.790419161676645,1896.0,1897.0
29.865269461077844,1896.0,1897.0
29.940119760479043,1897.0,1898.0
30.01497005988024,1897.0,1898.0
30.089820359281436,1897.0,1898.0
30.164670658682635,1897.0,1899.0
30.239520958083833,1897.0,1900.0
30.31437125748503,1897.0,1900.0
30.389221556886227,1897.0,1900.0
30.464071856287426,1897.0,1901.0
30.538922155688624,1899.0,1901.0
30.61377245508982,1899.0,1901.0
30.688622754491018,1899.0,1901.0
30.763473053892216,1900.0,1902.0
30.838323353293415,1900.0,1902.0
30.91317365269461,1900.0,1902.0
30.98802395209581,1900.0,1904.0
31.062874251497007,1902.0,1904.0
31.137724550898202,1902.0,1904.0
31.2125748502994,1902.0,1905.0
31.2874251497006,1902.0,1905.0
31.362275449101798,1904.0,1905.0
31.437125748502993,1904.0,1905.0
31.51197604790419,1904.0,1907.0
31.58682634730539,1904.0,1907.0
31.661676646706585,1906.0,1908.0
31.736526946107784,1906.0,1908.0
31.811377245508982,1906.0,1908.0
31.88622754491018,1907.0,1909.0
31.961077844311376,1907.0,1909.0
32.035928143712574,1908.0,1910.0
32.11077844311377,1908.0,1911.0
32.18562874251497,1909.0,1911.0
32.26047904191617,1909.0,1911.0
32.33532934131737,1910.0,1911.0
32.41017964071856,1910.0,1913.0
32.48502994011976,1910.0,1913.0
32.55988023952096,1910.0,1914.0
32.634730538922156,1911.0,1915.0
32.709580838323355,1911.0,1916.0
32.78443113772455,1911.0,1916.0
32.85928143712575,1911.0,1916.0
32.93413173652694,1911.0,1917.0
33.00898203592814,1911.0,1917.0
33.08383233532934,1911.0,1919.0
33.15868263473054,1912.0,1919.0
33.23353293413174,1912.0,1919.0
33.308383233532936,1913.0,1919.0
33.383233532934135,1913.0,1920.0
33.458083832335326,1913.0,1920.0
33.532934131736525,1913.0,1920.0
33.60778443113772,1914.0,1920.0
33.68263473053892,1914.0,1921.0
33.75748502994012,1915.0,1921.0
33.83233532934132,1915.0,1921.0
33.90718562874252,1915.0,1921.0
33.98203592814371,1916.0,1921.0
34.05688622754491,1916.0,1921.0
34.131736526946106,1916.0,1921.0
34.206586826347305,1918.0,1921.0
34.2814371257485,1918.0,1922.0
34.3562874251497,1919.0,1922.0
34.4311377245509,1919.0,1922.0
34.5059880239521,1919.0,1924.0
34.58083832335329,1920.0,1924.0
34.65568862275449,1920.0,1925.0
34.73053892215569,1921.0,1925.0
34.80538922155689,1921.0,1925.0
34.880239520958085,1922.0,1925.0
34.955089820359284,1922.0,1926.0
35.02994011976048,1923.0,1926.0
35.104790419161674,1924.0,1926.0
35.17964071856287,1924.0,1926.0
35.25449101796407,1925.0,1926.0
35.32934131736527,1925.0,1926.0
35.40419161676647,1925.0,1926.0
35.47904191616767,1926.0,1927.0
35.553892215568865,1926.0,1927.0
35.62874251497006,1927.0,1927.0
35.703592814371255,1927.0,1927.0
35.778443113772454,1928.0,1928.0
35.85329341317365,1929.0,1928.0
35.92814371257485,1930.0,1928.0
36.00299401197605,1931.0,1928.0
36.07784431137725,1931.0,1928.0
36.15269461077844,1931.0,1928.0
36.22754491017964,1931.0,1928.0
36.30239520958084,1931.0,1929.0
36.377245508982035,1932.0,1929.0
36.452095808383234,1932.0,1929.0
36.52694610778443,1932.0,1929.0
36.60179640718563,1932.0,1929.0
36.67664670658683,1932.0,1929.0
36.75149700598802,1933.0,1929.0
36.82634730538922,1933.0,1929.0
36.90119760479042,1933.0,1929.0
36.97604790419162,1933.0,1930.0
37.050898203592816,1933.0,1930.0
37.125748502994014,1933.0,1930.0
37.20059880239521,1933.0,1930.0
37.275449101796404,1933.0,1930.0
37.3502994011976,1933.0,1930.0
37.4251497005988,1933.0,1931.0
37.5,1934.0,1931.0
37.5748502994012,1934.0,1931.0
37.6497005988024,1934.0,1932.0
37.724550898203596,1934.0,1932.0
37.79940119760479,1934.0,1932.0
37.874251497005986,1934.0,1933.0
37.949101796407184,1935.0,1933.0
38.02395209580838,1935.0,1933.0
38.09880239520958,1935.0,1933.0
38.17365269461078,1935.0,1933.0
38.24850299401198,1935.0,1933.0
38.32335329341317,1936.0,1933.0
38.39820359281437,1936.0,1934.0
38.47305389221557,1936.0,1934.0
38.547904191616766,1936.0,1934.0
38.622754491017965,1936.0,1934.0
38.69760479041916,1936.0,1934.0
38.77245508982036,1936.0,1935.0
38.84730538922156,1936.0,1935.0
38.92215568862275,1936.0,1935.0
38.99700598802395,1937.0,1936.0
39.07185628742515,1937.0,1936.0
39.14670658682635,1937.0,1936.0
39.221556886227546,1937.0,1936.0
39.296407185628745,1937.0,1937.0
39.37125748502994,1938.0,1938.0
39.446107784431135,1938.0,1938.0
39.52095808383233,1938.0,1939.0
39.59580838323353,1938.0,1939.0
39.67065868263473,1938.0,1939.0
39.74550898203593,1938.0,1940.0
39.82035928143713,1939.0,1940.0
39.895209580838326,1939.0,1940.0
39.97005988023952,1940.0,1940.0
40.044910179640716,1940.0,1940.0
40.119760479041915,1941.0,1941.0
40.19461077844311,1941.0,1941.0
40.26946107784431,1942.0,1941.0
40.34431137724551,1942.0,1941.0
40.41916167664671,1942.0,1941.0
40.4940119760479,1943.0,1941.0
40.5688622754491,1943.0,1941.0
40.6437125748503,1943.0,1942.0
40.7185628742515,1943.0,1942.0
40.793413173652695,1944.0,1943.0
40.868263473053894,1944.0,1943.0
40.94311377245509,1945.0,1943.0
41.01796407185629,1945.0,1943.0
41.09281437125748,1945.0,1943.0
41.16766467065868,1947.0,1943.0
41.24251497005988,1947.0,1943.0
41.31736526946108,1948.0,1943.0
41.39221556886228,1948.0,1944.0
41.467065868263475,1948.0,1944.0
41.541916167664674,1948.0,1944.0
41.616766467065865,1948.0,1944.0
41.691616766467064,1948.0,1944.0
41.76646706586826,1948.0,1944.0
41.84131736526946,1949.0,1945.0
41.91616766467066,1949.0,1945.0
41.99101796407186,1949.0,1945.0
42.06586826347306,1949.0,1945.0
42.14071856287425,1950.0,1945.0
42.21556886227545,1950.0,1945.0
42.290419161676645,1950.0,1945.0
42.365269461077844,1951.0,1945.0
42.44011976047904,1951.0,1945.0
42.51497005988024,1951.0,1946.0
42.58982035928144,1951.0,1946.0
42.66467065868263,1951.0,1947.0
42.73952095808383,1951.0,1947.0
42.81437125748503,1952.0,1947.0
42.88922155688623,1952.0,1947.0
42.964071856287426,1952.0,1947.0
43.038922155688624,1952.0,1947.0
43.11377245508982,1952.0,1947.0
43.18862275449102,1952.0,1948.0
43.26347305389221,1953.0,1948.0
43.33832335329341,1953.0,1948.0
43.41317365269461,1953.0,1948.0
43.48802395209581,1953.0,1948.0
43.56287425149701,1953.0,1948.0
43.637724550898206,1954.0,1948.0
43.712574850299404,1954.0,1948.0
43.787425149700596,1954.0,1948.0
43.862275449101794,1954.0,1948.0
43.93712574850299,1954.0,1948.0
44.01197604790419,1954.0,1948.0
44.08682634730539,1954.0,1948.0
44.16167664670659,1954.0,1949.0
44.23652694610779,1954.0,1949.0
44.31137724550898,1954.0,1949.0
44.38622754491018,1954.0,1949.0
44.461077844311376,1954.0,1949.0
44.535928143712574,1955.0,1949.0
44.61077844311377,1955.0,1949.0
44.68562874251497,1955.0,1949.0
44.76047904191617,1955.0,1949.0
44.83532934131737,1955.0,1949.0
44.91017964071856,1955.0,1949.0
44.98502994011976,1955.0,1949.0
45.05988023952096,1955.0,1949.0
45.134730538922156,1955.0,1949.0
45.209580838323355,1955.0,1949.0
45.28443113772455,1956.0,1949.0
45.35928143712575,1956.0,1950.0
45.43413173652694,1956.0,1950.0
45.50898203592814,1956.0,1950.0
45.58383233532934,1956.0,1950.0
45.65868263473054,1956.0,1951.0
45.73353293413174,1956.0,1951.0
45.808383233532936,1957.0,1951.0
45.883233532934135,1957.0,1951.0
45.958083832335326,1958.0,1951.0
46.032934131736525,1958.0,1951.0
46.10778443113772,1958.0,1951.0
46.18263473053892,1958.0,1951.0
46.25748502994012,1959.0,1951.0
46.33233532934132,1959.0,1951.0
46.40718562874252,1959.0,1951.0
46.48203592814371,1959.0,1952.0
46.55688622754491,1960.0,1952.0
46.631736526946106,1960.0,1952.0
46.706586826347305,1960.0,1952.0
46.7814371257485,1960.0,1952.0
46.8562874251497,1960.0,1952.0
46.9311377245509,1960.0,1952.0
47.0059880239521,1960.0,1952.0
47.08083832335329,1960.0,1952.0
47.15568862275449,1961.0,1953.0
47.23053892215569,1961.0,1953.0
47.30538922155689,1961.0,1953.0
47.380239520958085,1962.0,1953.0
47.455089820359284,1962.0,1953.0
47.52994011976048,1962.0,1953.0
47.604790419161674,1962.0,1953.0
47.67964071856287,1962.0,1953.0
47.75449101796407,1962.0,1953.0
47.82934131736527,1962.0,1954.0
47.90419161676647,1962.0,1954.0
47.97904191616767,1963.0,1954.0
48.053892215568865,1963.0,1954.0
48.12874251497006,1963.0,1954.0
48.203592814371255,1963.0,1954.0
48.278443113772454,1963.0,1954.0
48.35329341317365,1963.0,1955.0
48.42814371257485,1963.0,1955.0
48.50299401197605,1963.0,1955.0
48.57784431137725,1964.0,1955.0
48.65269461077844,1964.0,1956.0
48.72754491017964,1964.0,1956.0
48.80239520958084,1965.0,1956.0
48.877245508982035,1965.0,1957.0
48.952095808383234,1965.0,1957.0
49.02694610778443,1965.0,1957.0
49.10179640718563,1965.0,1957.0
49.17664670658683,1965.0,1957.0
49.25149700598802,1965.0,1957.0
49.32634730538922,1965.0,1958.0
49.40119760479042,1965.0,1958.0
49.47604790419162,1965.0,1958.0
49.550898203592816,1965.0,1959.0
49.625748502994014,1965.0,1959.0
49.70059880239521,1965.0,1959.0
49.775449101796404,1966.0,1959.0
49.8502994011976,1966.0,1959.0
49.9251497005988,1966.0,1959.0
50.0,1966.0,1959.0
50.0748502994012,1966.0,1959.0
50.1497005988024,1966.0,1959.0
50.224550898203596,1966.0,1959.0
50.29940119760479,1967.0,1959.0
50.374251497005986,1967.0,1959.0
50.449101796407184,1967.0,1960.0
50.52395209580838,1967.0,1960.0
50.59880239520958,1967.0,1960.0
50.67365269461078,1968.0,1961.0
50.74850299401198,1968.0,1961.0
50.82335329341317,1968.0,1961.0
50.89820359281437,1968.0,1961.0
50.97305389221557,1968.0,1961.0
51.047904191616766,1968.0,1961.0
51.122754491017965,1968.0,1961.0
51.19760479041916,1968.0,1961.0
51.27245508982036,1968.0,1962.0
51.34730538922156,1969.0,1962.0
51.42215568862275,1969.0,1962.0
51.49700598802395,1969.0,1962.0
51.57185628742515,1969.0,1962.0
51.64670658682635,1969.0,1963.0
51.721556886227546,1969.0,1963.0
51.796407185628745,1970.0,1963.0
51.87125748502994,1970.0,1963.0
51.946107784431135,1970.0,1963.0
52.02095808383233,1970.0,1963.0
52.09580838323353,1970.0,1963.0
52.17065868263473,1970.0,1964.0
52.24550898203593,1970.0,1964.0
52.32035928143713,1970.0,1964.0
52.395209580838326,1970.0,1965.0
52.47005988023952,1971.0,1965.0
52.544910179640716,1971.0,1965.0
52.619760479041915,1971.0,1965.0
52.69461077844311,1971.0,1965.0
52.76946107784431,1971.0,1965.0
52.84431137724551,1971.0,1966.0
52.91916167664671,1971.0,1966.0
52.9940119760479,1971.0,1966.0
53.0688622754491,1971.0,1966.0
53.1437125748503,1972.0,1966.0
53.2185628742515,1972.0,1966.0
53.293413173652695,1972.0,1966.0
53.368263473053894,1972.0,1967.0
53.44311377245509,1972.0,1967.0
53.51796407185629,1972.0,1967.0
53.59281437125748,1972.0,1967.0
53.66766467065868,1972.0,1967.0
53.74251497005988,1973.0,1967.0
53.81736526946108,1973.0,1967.0
53.89221556886228,1973.0,1968.0
53.967065868263475,1973.0,1968.0
54.041916167664674,1973.0,1968.0
54.116766467065865,1973.0,1968.0
54.191616766467064,1973.0,1968.0
54.26646706586826,1973.0,1968.0
54.34131736526946,1974.0,1968.0
54.41616766467066,1974.0,1969.0
54.49101796407186,1974.0,1969.0
54.56586826347306,1974.0,1969.0
54.64071856287425,1974.0,1969.0
54.71556886227545,1974.0,1970.0
54.790419161676645,1974.0,1970.0
54.865269461077844,1974.0,1970.0
54.94011976047904,1974.0,1970.0
55.01497005988024,1975.0,1970.0
55.08982035928144,1975.0,1971.0
55.16467065868263,1975.0,1971.0
55.23952095808383,1975.0,1971.0
55.31437125748503,1975.0,1971.0
55.38922155688623,1975.0,1971.0
55.464071856287426,1975.0,1971.0
55.538922155688624,1975.0,1971.0
55.61377245508982,1976.0,1971.0
55.68862275449102,1976.0,1971.0
55.76347305389221,1976.0,1971.0
55.83832335329341,1976.0,1971.0
55.91317365269461,1976.0,1971.0
55.98802395209581,1976.0,1971.0
56.06287425149701,1976.0,1972.0
56.137724550898206,1976.0,1972.0
56.212574850299404,1976.0,1972.0
56.287425149700596,1977.0,1972.0
56.362275449101794,1977.0,1972.0
56.43712574850299,1977.0,1972.0
56.51197604790419,1977.0,1972.0
56.58682634730539,1977.0,1972.0
56.66167664670659,1977.0,1972.0
56.73652694610779,1977.0,1972.0
56.81137724550898,1977.0,1972.0
56.88622754491018,1977.0,1973.0
56.961077844311376,1978.0,1973.0
57.035928143712574,1978.0,1973.0
57.11077844311377,1978.0,1973.0
57.18562874251497,1978.0,1973.0
57.26047904191617,1978.0,1973.0
57.33532934131737,1978.0,1973.0
57.41017964071856,1978.0,1973.0
57.48502994011976,1978.0,1973.0
57.55988023952096,1978.0,1973.0
57.634730538922156,1979.0,1973.0
57.709580838323355,1979.0,1973.0
57.78443113772455,1979.0,1973.0
57.85928143712575,1979.0,1973.0
57.93413173652694,1979.0,1973.0
58.00898203592814,1979.0,1974.0
58.08383233532934,1979.0,1974.0
58.15868263473054,1979.0,1974.0
58.23353293413174,1979.0,1974.0
58.308383233532936,1979.0,1974.0
58.383233532934135,1979.0,1974.0
58.458083832335326,1979.0,1975.0
58.532934131736525,1979.0,1975.0
58.60778443113772,1979.0,1975.0
58.68263473053892,1979.0,1975.0
58.75748502994012,1979.0,1976.0
58.83233532934132,1979.0,1976.0
58.90718562874252,1979.0,1976.0
58.98203592814371,1979.0,1976.0
59.05688622754491,1979.0,1976.0
59.131736526946106,1979.0,1976.0
59.206586826347305,1979.0,1976.0
59.2814371257485,1979.0,1976.0
59.3562874251497,1979.0,1976.0
59.4311377245509,1979.0,1977.0
59.5059880239521,1980.0,1977.0
59.58083832335329,1980.0,1977.0
59.65568862275449,1980.0,1978.0
59.73053892215569,1980.0,1978.0
59.80538922155689,1980.0,1978.0
59.880239520958085,1980.0,1978.0
59.955089820359284,1980.0,1978.0
60.02994011976048,1980.0,1978.0
60.104790419161674,1980.0,1978.0
60.17964071856287,1980.0,1978.0
60.25449101796407,1981.0,1978.0
60.32934131736527,1981.0,1978.0
60.40419161676647,1981.0,1978.0
60.47904191616767,1981.0,1978.0
60.553892215568865,1982.0,1979.0
60.62874251497006,1982.0,1979.0
60.703592814371255,1982.0,1979.0
60.778443113772454,1982.0,1979.0
60.85329341317365,1982.0,1979.0
60.92814371257485,1983.0,1979.0
61.00299401197605,1983.0,1980.0
61.07784431137725,1983.0,1980.0
61.15269461077844,1983.0,1980.0
61.22754491017964,1983.0,1980.0
61.30239520958084,1983.0,1980.0
61.377245508982035,1983.0,1980.0
61.452095808383234,1983.0,1980.0
61.52694610778443,1983.0,1980.0
61.60179640718563,1983.0,1980.0
61.67664670658683,1983.0,1980.0
61.75149700598802,1983.0,1980.0
61.82634730538922,1983.0,1980.0
61.90119760479042,1983.0,1980.0
61.97604790419162,1983.0,1981.0
62.050898203592816,1983.0,1981.0
62.125748502994014,1984.0,1981.0
62.20059880239521,1984.0,1981.0
62.275449101796404,1984.0,1981.0
62.3502994011976,1984.0,1981.0
62.4251497005988,1984.0,1982.0
62.5,1984.0,1982.0
62.5748502994012,1984.0,1982.0
62.6497005988024,1984.0,1982.0
62.724550898203596,1984.0,1982.0
62.79940119760479,1984.0,1982.0
62.874251497005986,1984.0,1982.0
62.949101796407184,1984.0,1982.0
63.02395209580838,1984.0,1982.0
63.09880239520958,1984.0,1982.0
63.17365269461078,1984.0,1983.0
63.24850299401198,1984.0,1983.0
63.32335329341317,1984.0,1983.0
63.39820359281437,1984.0,1983.0
63.47305389221557,1984.0,1983.0
63.547904191616766,1985.0,1983.0
63.622754491017965,1985.0,1983.0
63.69760479041916,1985.0,1983.0
63.77245508982036,1985.0,1983.0
63.84730538922156,1985.0,1983.0
63.92215568862275,1985.0,1983.0
63.99700598802395,1985.0,1983.0
64.07185628742515,1985.0,1983.0
64.14670658682634,1985.0,1983.0
64.22155688622755,1985.0,1983.0
64.29640718562874,1985.0,1983.0
64.37125748502994,1986.0,1983.0
64.44610778443113,1986.0,1984.0
64.52095808383234,1986.0,1984.0
64.59580838323353,1986.0,1984.0
64.67065868263474,1986.0,1984.0
64.74550898203593,1986.0,1985.0
64.82035928143712,1986.0,1985.0
64.89520958083833,1986.0,1985.0
64.97005988023952,1986.0,1985.0
65.04491017964072,1986.0,1985.0
65.11976047904191,1986.0,1986.0
65.19461077844312,1986.0,1986.0
65.26946107784431,1987.0,1986.0
65.3443113772455,1987.0,1986.0
65.41916167664671,1987.0,1986.0
65.4940119760479,1987.0,1986.0
65.5688622754491,1987.0,1986.0
65.6437125748503,1987.0,1986.0
65.7185628742515,1987.0,1987.0
65.7934131736527,1987.0,1987.0
65.86826347305389,1987.0,1987.0
65.94311377245509,1987.0,1987.0
66.01796407185628,1987.0,1987.0
66.09281437125749,1987.0,1987.0
66.16766467065868,1988.0,1987.0
66.24251497005989,1988.0,1987.0
66.31736526946108,1988.0,1987.0
66.39221556886227,1988.0,1987.0
66.46706586826348,1988.0,1988.0
66.54191616766467,1988.0,1988.0
66.61676646706587,1988.0,1988.0
66.69161676646706,1988.0,1988.0
66.76646706586827,1988.0,1988.0
66.84131736526946,1988.0,1988.0
66.91616766467065,1988.0,1988.0
66.99101796407186,1988.0,1988.0
67.06586826347305,1988.0,1988.0
67.14071856287426,1989.0,1988.0
67.21556886227545,1989.0,1989.0
67.29041916167665,1989.0,1989.0
67.36526946107784,1989.0,1989.0
67.44011976047904,1989.0,1989.0
67.51497005988024,1989.0,1989.0
67.58982035928143,1989.0,1989.0
67.66467065868264,1989.0,1989.0
67.73952095808383,1989.0,1989.0
67.81437125748504,1990.0,1989.0
67.88922155688623,1990.0,1989.0
67.96407185628742,1990.0,1990.0
68.03892215568862,1990.0,1990.0
68.11377245508982,1990.0,1990.0
68.18862275449102,1990.0,1990.0
68.26347305389221,1990.0,1990.0
68.33832335329342,1990.0,1990.0
68.41317365269461,1990.0,1990.0
68.4880239520958,1990.0,1990.0
68.562874251497,1990.0,1990.0
68.6377245508982,1990.0,1990.0
68.7125748502994,1990.0,1990.0
68.7874251497006,1990.0,1990.0
68.8622754491018,1990.0,1990.0
68.937125748503,1990.0,1990.0
69.0119760479042,1990.0,1990.0
69.08682634730539,1991.0,1990.0
69.16167664670658,1991.0,1990.0
69.23652694610779,1991.0,1990.0
69.31137724550898,1991.0,1990.0
69.38622754491018,1991.0,1990.0
69.46107784431138,1991.0,1990.0
69.53592814371258,1991.0,1991.0
69.61077844311377,1991.0,1991.0
69.68562874251496,1991.0,1991.0
69.76047904191617,1991.0,1991.0
69.83532934131736,1991.0,1991.0
69.91017964071857,1991.0,1991.0
69.98502994011976,1991.0,1991.0
70.05988023952096,1991.0,1992.0
70.13473053892216,1991.0,1992.0
70.20958083832335,1992.0,1992.0
70.28443113772455,1992.0,1992.0
70.35928143712574,1992.0,1992.0
70.43413173652695,1992.0,1992.0
70.50898203592814,1992.0,1992.0
70.58383233532935,1992.0,1992.0
70.65868263473054,1992.0,1992.0
70.73353293413173,1992.0,1992.0
70.80838323353294,1992.0,1992.0
70.88323353293413,1992.0,1992.0
70.95808383233533,1992.0,1992.0
71.03293413173652,1992.0,1992.0
71.10778443113773,1993.0,1992.0
71.18263473053892,1993.0,1992.0
71.25748502994011,1993.0,1993.0
71.33233532934132,1993.0,1993.0
71.40718562874251,1993.0,1993.0
71.48203592814372,1993.0,1993.0
71.55688622754491,1993.0,1993.0
71.63173652694611,1993.0,1993.0
71.7065868263473,1993.0,1993.0
71.7814371257485,1993.0,1993.0
71.8562874251497,1993.0,1993.0
71.9311377245509,1993.0,1993.0
72.0059880239521,1993.0,1993.0
72.08083832335329,1994.0,1993.0
72.1556886227545,1994.0,1993.0
72.23053892215569,1994.0,1993.0
72.30538922155688,1994.0,1993.0
72.38023952095809,1994.0,1993.0
72.45508982035928,1994.0,1993.0
72.52994011976048,1994.0,1993.0
72.60479041916167,1994.0,1993.0
72.67964071856288,1994.0,1993.0
72.75449101796407,1994.0,1994.0
72.82934131736526,1994.0,1994.0
72.90419161676647,1995.0,1994.0
72.97904191616766,1995.0,1994.0
73.05389221556887,1995.0,1994.0
73.12874251497006,1995.0,1994.0
73.20359281437126,1995.0,1994.0
73.27844311377245,1995.0,1994.0
73.35329341317366,1995.0,1994.0
73.42814371257485,1995.0,1994.0
73.50299401197604,1995.0,1995.0
73.57784431137725,1995.0,1995.0
73.65269461077844,1995.0,1995.0
73.72754491017965,1995.0,1995.0
73.80239520958084,1996.0,1995.0
73.87724550898204,1996.0,1995.0
73.95209580838323,1996.0,1995.0
74.02694610778443,1996.0,1995.0
74.10179640718563,1996.0,1996.0
74.17664670658682,1996.0,1996.0
74.25149700598803,1996.0,1996.0
74.32634730538922,1996.0,1996.0
74.40119760479043,1996.0,1996.0
74.47604790419162,1996.0,1997.0
74.55089820359281,1996.0,1997.0
74.62574850299401,1996.0,1997.0
74.7005988023952,1996.0,1997.0
74.77544910179641,1996.0,1997.0
74.8502994011976,1996.0,1997.0
74.92514970059881,1996.0,1997.0
75.0,1996.0,1997.0
75.07485029940119,1996.0,1997.0
75.1497005988024,1996.0,1997.0
75.22455089820359,1997.0,1997.0
75.2994011976048,1997.0,1998.0
75.37425149700599,1997.0,1998.0
75.44910179640719,1997.0,1998.0
75.52395209580838,1997.0,1998.0
75.59880239520957,1997.0,1998.0
75.67365269461078,1997.0,1998.0
75.74850299401197,1997.0,1998.0
75.82335329341318,1997.0,1998.0
75.89820359281437,1997.0,1998.0
75.97305389221557,1997.0,1998.0
76.04790419161677,1998.0,1998.0
76.12275449101796,1998.0,1999.0
76.19760479041916,1998.0,1999.0
76.27245508982035,1998.0,1999.0
76.34730538922156,1998.0,1999.0
76.42215568862275,1998.0,2000.0
76.49700598802396,1998.0,2000.0
76.57185628742515,1998.0,2000.0
76.64670658682634,1999.0,2000.0
76.72155688622755,1999.0,2000.0
76.79640718562874,1999.0,2000.0
76.87125748502994,1999.0,2001.0
76.94610778443113,1999.0,2001.0
77.02095808383234,1999.0,2001.0
77.09580838323353,1999.0,2001.0
77.17065868263474,1999.0,2001.0
77.24550898203593,1999.0,2001.0
77.32035928143712,1999.0,2001.0
77.39520958083833,1999.0,2001.0
77.47005988023952,1999.0,2002.0
77.54491017964072,1999.0,2002.0
77.61976047904191,2000.0,2002.0
77.69461077844312,2000.0,2002.0
77.76946107784431,2000.0,2002.0
77.8443113772455,2000.0,2002.0
77.91916167664671,2000.0,2002.0
77.9940119760479,2000.0,2003.0
78.0688622754491,2000.0,2003.0
78.1437125748503,2000.0,2003.0
78.2185628742515,2000.0,2003.0
78.2934131736527,2000.0,2003.0
78.36826347305389,2000.0,2003.0
78.44311377245509,2000.0,2003.0
78.51796407185628,2000.0,2003.0
78.59281437125749,2000.0,2003.0
78.66766467065868,2000.0,2004.0
78.74251497005989,2000.0,2004.0
78.81736526946108,2000.0,2004.0
78.89221556886227,2000.0,2004.0
78.96706586826348,2000.0,2004.0
79.04191616766467,2000.0,2004.0
79.11676646706587,2000.0,2005.0
79.19161676646706,2000.0,2005.0
79.26646706586827,2000.0,2005.0
79.34131736526946,2000.0,2005.0
79.41616766467065,2001.0,2005.0
79.49101796407186,2001.0,2005.0
79.56586826347305,2001.0,2005.0
79.64071856287426,2001.0,2005.0
79.71556886227545,2001.0,2005.0
79.79041916167665,2001.0,2005.0
79.86526946107784,2001.0,2006.0
79.94011976047904,2001.0,2006.0
80.01497005988024,2001.0,2006.0
80.08982035928143,2001.0,2006.0
80.16467065868264,2001.0,2009.0
80.23952095808383,2001.0,2009.0
80.31437125748504,2001.0,2009.0
80.38922155688623,2001.0,2009.0
80.46407185628742,2002.0,2009.0
80.53892215568862,2002.0,2009.0
80.61377245508982,2002.0,2009.0
80.68862275449102,2002.0,2009.0
80.76347305389221,2002.0,2009.0
80.83832335329342,2002.0,2010.0
80.91317365269461,2002.0,2010.0
80.9880239520958,2002.0,2010.0
81.062874251497,2002.0,2011.0
81.1377245508982,2002.0,2012.0
81.2125748502994,2002.0,2012.0
81.2874251497006,2002.0,2013.0
81.3622754491018,2002.0,2013.0
81.437125748503,2003.0,2013.0
81.5119760479042,2003.0,2014.0
81.58682634730539,2003.0,2015.0
81.66167664670658,2003.0,2015.0
81.73652694610779,2003.0,2015.0
81.81137724550898,2003.0,2016.0
81.88622754491018,2004.0,2016.0
81.96107784431138,2004.0,2017.0
82.03592814371258,2004.0,2017.0
82.11077844311377,2004.0,2017.0
82.18562874251496,2004.0,2017.0
82.26047904191617,2004.0,2018.0
82.33532934131736,2004.0,2018.0
82.41017964071857,2004.0,2018.0
82.48502994011976,2004.0,2019.0
82.55988023952096,2004.0,2019.0
82.63473053892216,2004.0,2020.0
82.70958083832335,2004.0,2021.0
82.78443113772455,2004.0,2022.0
82.85928143712574,2004.0,2023.0
82.93413173652695,2004.0,2023.0
83.00898203592814,2004.0,2024.0
83.08383233532935,2004.0,2025.0
83.15868263473054,2005.0,2025.0
83.23353293413173,2005.0,2027.0
83.30838323353294,2005.0,2027.0
83.38323353293413,2006.0,2027.0
83.45808383233533,2006.0,2028.0
83.53293413173652,2007.0,2028.0
83.60778443113773,2007.0,2028.0
83.68263473053892,2007.0,2029.0
83.75748502994011,2007.0,2029.0
83.83233532934132,2008.0,2029.0
83.90718562874251,2008.0,2029.0
83.98203592814372,2008.0,2031.0
84.05688622754491,2008.0,2031.0
84.13173652694611,2009.0,2031.0
84.2065868263473,2009.0,2031.0
84.2814371257485,2009.0,2032.0
84.3562874251497,2009.0,2032.0
84.4311377245509,2010.0,2033.0
84.5059880239521,2011.0,2033.0
84.58083832335329,2011.0,2033.0
84.6556886227545,2011.0,2034.0
84.73053892215569,2011.0,2034.0
84.80538922155688,2011.0,2034.0
84.88023952095809,2012.0,2035.0
84.95508982035928,2015.0,2035.0
85.02994011976048,2016.0,2035.0
85.10479041916167,2016.0,2035.0
85.17964071856288,2016.0,2035.0
85.25449101796407,2016.0,2037.0
85.32934131736526,2017.0,2037.0
85.40419161676647,2017.0,2037.0
85.47904191616766,2017.0,2037.0
85.55389221556887,2018.0,2037.0
85.62874251497006,2021.0,2037.0
85.70359281437126,2021.0,2037.0
85.77844311377245,2023.0,2037.0
85.85329341317366,2024.0,2037.0
85.92814371257485,2024.0,2038.0
86.00299401197604,2024.0,2038.0
86.07784431137725,2024.0,2039.0
86.15269461077844,2024.0,2039.0
86.22754491017965,2024.0,2041.0
86.30239520958084,2024.0,2042.0
86.37724550898204,2025.0,2042.0
86.45209580838323,2025.0,2043.0
86.52694610778443,2026.0,2043.0
86.60179640718563,2026.0,2044.0
86.67664670658682,2027.0,2044.0
86.75149700598803,2027.0,2044.0
86.82634730538922,2027.0,2045.0
86.90119760479043,2027.0,2045.0
86.97604790419162,2028.0,2046.0
87.05089820359281,2028.0,2047.0
87.12574850299401,2028.0,2047.0
87.2005988023952,2029.0,2048.0
87.27544910179641,2029.0,2048.0
87.3502994011976,2030.0,2048.0
87.42514970059881,2031.0,2049.0
87.5,2031.0,2049.0
87.57485029940119,2031.0,2049.0
87.6497005988024,2032.0,2050.0
87.72455089820359,2032.0,2050.0
87.7994011976048,2032.0,2050.0
87.87425149700599,2032.0,2050.0
87.94910179640719,2033.0,2051.0
88.02395209580838,2034.0,2051.0
88.09880239520957,2034.0,2051.0
88.17365269461078,2034.0,2051.0
88.24850299401197,2034.0,2051.0
88.32335329341318,2035.0,2052.0
88.39820359281437,2035.0,2052.0
88.47305389221557,2038.0,2053.0
88.54790419161677,2038.0,2054.0
88.62275449101796,2039.0,2054.0
88.69760479041916,2040.0,2054.0
88.77245508982035,2040.0,2055.0
88.84730538922156,2041.0,2055.0
88.92215568862275,2041.0,2056.0
88.99700598802396,2042.0,2056.0
89.07185628742515,2044.0,2058.0
89.14670658682634,2044.0,2058.0
89.22155688622755,2044.0,2058.0
89.29640718562874,2044.0,2061.0
89.37125748502994,2045.0,2064.0
89.44610778443113,2045.0,2064.0
89.52095808383234,2045.0,2066.0
89.59580838323353,2046.0,2068.0
89.67065868263474,2047.0,2070.0
89.74550898203593,2047.0,2071.0
89.82035928143712,2048.0,2071.0
89.89520958083833,2050.0,2072.0
89.97005988023952,2050.0,2074.0
90.04491017964072,2052.0,2074.0
90.11976047904191,2053.0,2075.0
90.19461077844312,2053.0,2075.0
90.26946107784431,2053.0,2081.0
90.3443113772455,2055.0,2081.0
90.41916167664671,2055.0,2081.0
90.4940119760479,2056.0,2081.0
90.5688622754491,2057.0,2083.0
90.6437125748503,2058.0,2086.0
90.7185628742515,2058.0,2086.0
90.7934131736527,2060.0,2086.0
90.86826347305389,2060.0,2089.0
90.94311377245509,2062.0,2089.0
91.01796407185628,2062.0,2089.0
91.09281437125749,2062.0,2090.0
91.16766467065868,2063.0,2091.0
91.24251497005989,2068.0,2091.0
91.31736526946108,2068.0,2092.0
91.39221556886227,2071.0,2093.0
91.46706586826348,2071.0,2093.0
91.54191616766467,2075.0,2104.0
91.61676646706587,2075.0,2105.0
91.69161676646706,2081.0,2113.0
91.76646706586827,2082.0,2118.0
91.84131736526946,2087.0,2118.0
91.91616766467065,2093.0,2118.0
91.99101796407186,2097.0,2118.0
92.06586826347305,2100.0,2118.0
92.14071856287426,2102.0,2118.0
92.21556886227545,2103.0,2120.0
92.29041916167665,2104.0,2121.0
92.36526946107784,2104.0,2122.0
92.44011976047904,2105.0,2127.0
92.51497005988024,2106.0,2130.0
92.58982035928143,2106.0,2142.0
92.66467065868264,2134.0,2142.0
92.73952095808383,2135.0,2150.0
92.81437125748504,2135.0,2150.0
92.88922155688623,2191.0,2150.0
92.96407185628742,2191.0,2154.0
93.03892215568862,2191.0,2225.0
93.11377245508982,4133.0,2330.0
93.18862275449102,4538.0,4543.0
93.26347305389221,4549.0,4550.0
93.33832335329342,4747.0,4760.0
93.41317365269461,4752.0,4765.0
93.4880239520958,4768.0,4772.0
93.562874251497,4772.0,4773.0
93.6377245508982,4788.0,4787.0
93.7125748502994,4788.0,4787.0
93.7874251497006,4793.0,4787.0
93.8622754491018,4797.0,4795.0
93.937125748503,4798.0,4800.0
94.0119760479042,4804.0,4831.0
94.08682634730539,4838.0,4843.0
94.16167664670658,4839.0,4862.0
94.23652694610779,4854.0,4863.0
94.31137724550898,4881.0,4875.0
94.38622754491018,4886.0,4930.0
94.46107784431138,5057.0,5058.0
94.53592814371258,5083.0,5068.0
94.61077844311377,5098.0,5090.0
94.68562874251496,5126.0,5160.0
94.76047904191617,5159.0,5166.0
94.83532934131736,5165.0,5172.0
94.91017964071857,5172.0,5174.0
94.98502994011976,5188.0,5178.0
95.05988023952096,5189.0,5178.0
95.13473053892216,5190.0,5179.0
95.20958083832335,5196.0,5188.0
95.28443113772455,5203.0,5195.0
95.35928143712574,5203.0,5199.0
95.43413173652695,5203.0,5206.0
95.50898203592814,5219.0,5209.0
95.58383233532935,5223.0,5215.0
95.65868263473054,5230.0,5216.0
95.73353293413173,5238.0,5235.0
95.80838323353294,5240.0,5248.0
95.88323353293413,5252.0,5253.0
95.95808383233533,5254.0,5255.0
96.03293413173652,5260.0,5269.0
96.10778443113773,5260.0,5307.0
96.18263473053892,5281.0,5324.0
96.25748502994011,5375.0,5363.0
96.33233532934132,5375.0,5364.0
96.40718562874251,5490.0,5381.0
96.48203592814372,5585.0,5381.0
96.55688622754491,5586.0,5428.0
96.63173652694611,5607.0,5428.0
96.7065868263473,5855.0,5840.0
96.7814371257485,5861.0,5857.0
96.8562874251497,5864.0,5861.0
96.9311377245509,5865.0,5863.0
97.0059880239521,5875.0,5864.0
97.08083832335329,5878.0,5872.0
97.1556886227545,5879.0,5877.0
97.23053892215569,5887.0,5902.0
97.30538922155688,5892.0,5921.0
97.38023952095809,5894.0,5921.0
97.45508982035928,5898.0,5925.0
97.52994011976048,5899.0,5937.0
97.60479041916167,5914.0,5938.0
97.67964071856288,5937.0,5949.0
97.75449101796407,5952.0,5997.0
97.82934131736526,7234.0,7239.0
97.90419161676647,7239.0,7240.0
97.97904191616766,7246.0,7243.0
98.05389221556887,7248.0,7248.0
98.12874251497006,7251.0,7258.0
98.20359281437126,7283.0,7265.0
98.27844311377245,7284.0,7270.0
98.35329341317366,7298.0,7290.0
98.42814371257485,7300.0,7300.0
98.50299401197604,7313.0,7300.0
98.57784431137725,7316.0,7304.0
98.65269461077844,7319.0,7309.0
98.72754491017965,7321.0,7338.0
98.80239520958084,7330.0,7373.0
98.87724550898204,7354.0,7375.0
98.95209580838323,10937.0,10931.0
99.02694610778443,10945.0,10937.0
99.10179640718563,10950.0,10949.0
99.17664670658682,10951.0,10969.0
99.25149700598803,10971.0,10975.0
99.32634730538922,10978.0,10996.0
99.40119760479043,11013.0,11028.0
99.47604790419162,11020.0,11069.0
99.55089820359281,11045.0,11083.0
99.62574850299401,11080.0,11122.0
99.7005988023952,11093.0,11132.0
99.77544910179641,11194.0,11170.0
99.8502994011976,11223.0,11189.0
99.92514970059881,11291.0,11265.0
100.0,11334.0,11341.0
